{"cameraMode":{"drawMode":0,"name":"Shaded","section":"Shading Mode"},"sceneLighting":false,"audioPlay":false,"sceneViewState":{"showFog":true,"showMaterialUpdate":false,"showSkybox":true,"showFlares":true,"showImageEffects":true,"showParticleSystems":true},"in2DMode":false,"pivot":{"x":-0.15900945663452149,"y":-0.933168888092041,"z":5.5492472648620609},"rotation":{"x":0.2176084816455841,"y":-0.7807221412658691,"z":0.4446326792240143,"w":0.3816000819206238},"size":12.406170845031739,"orthographic":false}